email,profile_image,country,city,religion,marital_status,occupation,education,children,smoking,drinking,description
user1270@example.com,https://randomuser.me/api/portraits/women/31.jpg,United Kingdom,Barcelona,Islam,Single,Teacher,Ph.D.,Yes,Yes,Yes,I believe in living life to the fullest and cherish every moment.
user7182@example.com,https://randomuser.me/api/portraits/women/49.jpg,United Kingdom,Sydney,Islam,Divorced,Manager,Master's Degree,Yes,Yes,No,I believe in living life to the fullest and cherish every moment.
user3230@example.com,https://randomuser.me/api/portraits/men/12.jpg,France,Sydney,Buddhism,Married,Artist,Master's Degree,Yes,No,No,I believe in living life to the fullest and cherish every moment.
user6850@example.com,https://randomuser.me/api/portraits/men/49.jpg,Canada,New York,Christianity,Single,Engineer,Associate Degree,Yes,Yes,Yes,"Hardworking and dedicated, I strive to balance personal and professional life."
user1143@example.com,https://randomuser.me/api/portraits/women/34.jpg,India,Mumbai,None,Divorced,Consultant,Associate Degree,Yes,No,Yes,"Hardworking and dedicated, I strive to balance personal and professional life."
user8996@example.com,https://randomuser.me/api/portraits/men/3.jpg,Germany,Paris,None,Married,Engineer,High School Diploma,No,No,Yes,I believe in living life to the fullest and cherish every moment.
user8014@example.com,https://randomuser.me/api/portraits/women/43.jpg,India,Toronto,Christianity,Widowed,Doctor,High School Diploma,No,Yes,No,"Hardworking and dedicated, I strive to balance personal and professional life."
user7797@example.com,https://randomuser.me/api/portraits/men/39.jpg,Brazil,Mumbai,None,Married,Manager,High School Diploma,Yes,Yes,No,"I enjoy traveling, reading, and spending quality time with loved ones."
user4949@example.com,https://randomuser.me/api/portraits/men/38.jpg,Canada,Paris,Christianity,Single,Writer,Ph.D.,No,No,No,I am a passionate individual who loves exploring new opportunities.
user4367@example.com,https://randomuser.me/api/portraits/men/28.jpg,India,London,Christianity,Widowed,Doctor,Bachelor's Degree,No,No,No,I am a passionate individual who loves exploring new opportunities.
user9731@example.com,https://randomuser.me/api/portraits/men/10.jpg,France,Barcelona,None,Widowed,Manager,Bachelor's Degree,Yes,Yes,No,"I enjoy traveling, reading, and spending quality time with loved ones."
user5589@example.com,https://randomuser.me/api/portraits/women/7.jpg,Germany,Paris,Christianity,Divorced,Doctor,Master's Degree,Yes,Yes,Yes,I am a passionate individual who loves exploring new opportunities.
user2249@example.com,https://randomuser.me/api/portraits/men/45.jpg,Germany,São Paulo,Judaism,Married,Consultant,Bachelor's Degree,Yes,Yes,No,I am a passionate individual who loves exploring new opportunities.
user5709@example.com,https://randomuser.me/api/portraits/women/18.jpg,Australia,Toronto,Hinduism,Married,Consultant,Master's Degree,Yes,No,Yes,"I enjoy traveling, reading, and spending quality time with loved ones."
user3833@example.com,https://randomuser.me/api/portraits/men/20.jpg,United Kingdom,Paris,Buddhism,Widowed,Manager,Master's Degree,No,Yes,Yes,"Hardworking and dedicated, I strive to balance personal and professional life."
user5929@example.com,https://randomuser.me/api/portraits/women/2.jpg,United States,London,Christianity,Married,Artist,High School Diploma,No,No,No,I am a passionate individual who loves exploring new opportunities.
user7559@example.com,https://randomuser.me/api/portraits/women/8.jpg,United Kingdom,Toronto,Buddhism,Single,Writer,Master's Degree,Yes,No,No,"Hardworking and dedicated, I strive to balance personal and professional life."
user8342@example.com,https://randomuser.me/api/portraits/men/39.jpg,Australia,Paris,Christianity,Widowed,Manager,High School Diploma,No,No,Yes,"Family-oriented and career-driven, I am looking for someone with similar values."
user1032@example.com,https://randomuser.me/api/portraits/women/31.jpg,Spain,Rome,Buddhism,Widowed,Teacher,Ph.D.,No,No,Yes,"Family-oriented and career-driven, I am looking for someone with similar values."
user5955@example.com,https://randomuser.me/api/portraits/men/48.jpg,Canada,Barcelona,Judaism,Widowed,Doctor,Bachelor's Degree,Yes,Yes,No,"Hardworking and dedicated, I strive to balance personal and professional life."
user2128@example.com,https://randomuser.me/api/portraits/men/8.jpg,Brazil,Sydney,Hinduism,Widowed,Designer,High School Diploma,No,No,Yes,I believe in living life to the fullest and cherish every moment.
user1105@example.com,https://randomuser.me/api/portraits/men/18.jpg,United States,Toronto,None,Divorced,Teacher,Ph.D.,No,Yes,Yes,"I enjoy traveling, reading, and spending quality time with loved ones."
user1944@example.com,https://randomuser.me/api/portraits/men/33.jpg,Canada,São Paulo,Judaism,Divorced,Engineer,Associate Degree,No,No,No,"Hardworking and dedicated, I strive to balance personal and professional life."
user1609@example.com,https://randomuser.me/api/portraits/men/1.jpg,Italy,Mumbai,Christianity,Widowed,Scientist,Master's Degree,No,Yes,No,I am a passionate individual who loves exploring new opportunities.
user2944@example.com,https://randomuser.me/api/portraits/women/36.jpg,Germany,Berlin,Other,Married,Artist,Ph.D.,Yes,No,Yes,"Hardworking and dedicated, I strive to balance personal and professional life."
user5771@example.com,https://randomuser.me/api/portraits/men/3.jpg,United States,London,Christianity,Widowed,Consultant,Master's Degree,No,Yes,No,I believe in living life to the fullest and cherish every moment.
user2371@example.com,https://randomuser.me/api/portraits/women/21.jpg,India,New York,None,Single,Manager,Bachelor's Degree,No,Yes,Yes,"Family-oriented and career-driven, I am looking for someone with similar values."
user8900@example.com,https://randomuser.me/api/portraits/women/46.jpg,India,Mumbai,Judaism,Married,Engineer,Master's Degree,Yes,No,Yes,"Family-oriented and career-driven, I am looking for someone with similar values."
user9912@example.com,https://randomuser.me/api/portraits/men/32.jpg,Spain,Mumbai,Buddhism,Single,Teacher,Ph.D.,Yes,Yes,Yes,"Family-oriented and career-driven, I am looking for someone with similar values."
user3102@example.com,https://randomuser.me/api/portraits/men/28.jpg,United States,São Paulo,Judaism,Divorced,Teacher,Bachelor's Degree,No,Yes,No,"I enjoy traveling, reading, and spending quality time with loved ones."
user9893@example.com,https://randomuser.me/api/portraits/men/22.jpg,Germany,Berlin,Buddhism,Widowed,Consultant,Master's Degree,Yes,No,No,I believe in living life to the fullest and cherish every moment.
user8256@example.com,https://randomuser.me/api/portraits/women/12.jpg,Australia,Mumbai,Buddhism,Widowed,Designer,High School Diploma,No,Yes,No,"I enjoy traveling, reading, and spending quality time with loved ones."
user2402@example.com,https://randomuser.me/api/portraits/men/33.jpg,United Kingdom,Paris,Hinduism,Widowed,Designer,Bachelor's Degree,Yes,No,No,"Family-oriented and career-driven, I am looking for someone with similar values."
user9835@example.com,https://randomuser.me/api/portraits/women/19.jpg,United Kingdom,Barcelona,Islam,Single,Designer,Associate Degree,No,No,Yes,I believe in living life to the fullest and cherish every moment.
user2167@example.com,https://randomuser.me/api/portraits/women/15.jpg,Germany,Mumbai,Islam,Divorced,Doctor,Ph.D.,No,No,Yes,"I enjoy traveling, reading, and spending quality time with loved ones."
user5539@example.com,https://randomuser.me/api/portraits/men/39.jpg,Canada,Sydney,Judaism,Married,Designer,Ph.D.,Yes,Yes,No,I am a passionate individual who loves exploring new opportunities.
user9329@example.com,https://randomuser.me/api/portraits/women/15.jpg,France,Mumbai,Islam,Widowed,Scientist,Ph.D.,No,Yes,No,"Family-oriented and career-driven, I am looking for someone with similar values."
user3543@example.com,https://randomuser.me/api/portraits/women/39.jpg,Germany,Sydney,Christianity,Widowed,Artist,Master's Degree,No,Yes,Yes,"Family-oriented and career-driven, I am looking for someone with similar values."
user2834@example.com,https://randomuser.me/api/portraits/men/50.jpg,Italy,Berlin,Islam,Married,Artist,Associate Degree,Yes,No,No,"Family-oriented and career-driven, I am looking for someone with similar values."
user2732@example.com,https://randomuser.me/api/portraits/women/50.jpg,Canada,Sydney,Christianity,Married,Consultant,Master's Degree,No,No,No,I am a passionate individual who loves exploring new opportunities.
user8622@example.com,https://randomuser.me/api/portraits/women/40.jpg,Germany,Mumbai,Buddhism,Divorced,Entrepreneur,Ph.D.,No,No,Yes,"Hardworking and dedicated, I strive to balance personal and professional life."
user4787@example.com,https://randomuser.me/api/portraits/men/30.jpg,United States,London,Hinduism,Single,Manager,Associate Degree,No,Yes,No,"I enjoy traveling, reading, and spending quality time with loved ones."
user3127@example.com,https://randomuser.me/api/portraits/men/4.jpg,Italy,Berlin,Other,Married,Entrepreneur,High School Diploma,Yes,Yes,Yes,"Hardworking and dedicated, I strive to balance personal and professional life."
user2591@example.com,https://randomuser.me/api/portraits/women/32.jpg,Spain,New York,Judaism,Divorced,Teacher,Associate Degree,Yes,Yes,No,I am a passionate individual who loves exploring new opportunities.
user3967@example.com,https://randomuser.me/api/portraits/women/11.jpg,Spain,Mumbai,Christianity,Married,Consultant,High School Diploma,Yes,Yes,Yes,"Family-oriented and career-driven, I am looking for someone with similar values."
user8799@example.com,https://randomuser.me/api/portraits/women/35.jpg,United Kingdom,Barcelona,Hinduism,Divorced,Manager,Bachelor's Degree,Yes,Yes,Yes,"I enjoy traveling, reading, and spending quality time with loved ones."
user8434@example.com,https://randomuser.me/api/portraits/women/5.jpg,India,New York,Christianity,Married,Designer,High School Diploma,No,No,No,I am a passionate individual who loves exploring new opportunities.
user9838@example.com,https://randomuser.me/api/portraits/women/27.jpg,Australia,Rome,Judaism,Widowed,Designer,Ph.D.,Yes,No,No,I believe in living life to the fullest and cherish every moment.
user6112@example.com,https://randomuser.me/api/portraits/women/50.jpg,India,Barcelona,None,Married,Entrepreneur,High School Diploma,Yes,No,No,"Hardworking and dedicated, I strive to balance personal and professional life."
user3815@example.com,https://randomuser.me/api/portraits/women/10.jpg,United Kingdom,Paris,Christianity,Single,Designer,Ph.D.,Yes,Yes,Yes,"I enjoy traveling, reading, and spending quality time with loved ones."
user7813@example.com,https://randomuser.me/api/portraits/men/32.jpg,Spain,Sydney,Islam,Single,Artist,Bachelor's Degree,Yes,Yes,No,I am a passionate individual who loves exploring new opportunities.
user1567@example.com,https://randomuser.me/api/portraits/women/48.jpg,Brazil,Toronto,Hinduism,Single,Artist,Ph.D.,Yes,No,Yes,I am a passionate individual who loves exploring new opportunities.
user6284@example.com,https://randomuser.me/api/portraits/men/5.jpg,Spain,Toronto,Hinduism,Married,Engineer,Bachelor's Degree,Yes,Yes,No,"I enjoy traveling, reading, and spending quality time with loved ones."
user7227@example.com,https://randomuser.me/api/portraits/men/21.jpg,Germany,Barcelona,Islam,Divorced,Designer,Associate Degree,No,Yes,Yes,I believe in living life to the fullest and cherish every moment.
user9179@example.com,https://randomuser.me/api/portraits/women/42.jpg,United States,Rome,Christianity,Widowed,Engineer,Ph.D.,Yes,Yes,No,"I enjoy traveling, reading, and spending quality time with loved ones."
user9994@example.com,https://randomuser.me/api/portraits/men/36.jpg,Germany,London,None,Widowed,Writer,High School Diploma,No,Yes,Yes,"I enjoy traveling, reading, and spending quality time with loved ones."
user8368@example.com,https://randomuser.me/api/portraits/men/49.jpg,Italy,Paris,Other,Widowed,Entrepreneur,Master's Degree,No,Yes,No,I believe in living life to the fullest and cherish every moment.
user5357@example.com,https://randomuser.me/api/portraits/women/39.jpg,Germany,New York,None,Single,Doctor,Bachelor's Degree,Yes,Yes,No,"Hardworking and dedicated, I strive to balance personal and professional life."
user3529@example.com,https://randomuser.me/api/portraits/women/42.jpg,United States,New York,Christianity,Divorced,Manager,Associate Degree,No,Yes,Yes,I am a passionate individual who loves exploring new opportunities.
user4074@example.com,https://randomuser.me/api/portraits/women/22.jpg,France,Rome,Hinduism,Single,Entrepreneur,Ph.D.,No,Yes,Yes,"Hardworking and dedicated, I strive to balance personal and professional life."
user4156@example.com,https://randomuser.me/api/portraits/men/3.jpg,United Kingdom,Paris,Christianity,Divorced,Scientist,Ph.D.,Yes,Yes,No,I believe in living life to the fullest and cherish every moment.
user5150@example.com,https://randomuser.me/api/portraits/women/2.jpg,Canada,Berlin,Judaism,Single,Scientist,High School Diploma,Yes,Yes,Yes,"Hardworking and dedicated, I strive to balance personal and professional life."
user6717@example.com,https://randomuser.me/api/portraits/women/29.jpg,United Kingdom,Paris,Buddhism,Widowed,Writer,Associate Degree,No,Yes,Yes,I believe in living life to the fullest and cherish every moment.
user3011@example.com,https://randomuser.me/api/portraits/men/20.jpg,India,Berlin,None,Married,Consultant,High School Diploma,No,No,Yes,"Hardworking and dedicated, I strive to balance personal and professional life."
user7803@example.com,https://randomuser.me/api/portraits/women/37.jpg,France,Barcelona,Islam,Widowed,Teacher,Associate Degree,Yes,No,No,I am a passionate individual who loves exploring new opportunities.
user1725@example.com,https://randomuser.me/api/portraits/men/50.jpg,United States,São Paulo,Christianity,Single,Teacher,Master's Degree,No,Yes,No,I believe in living life to the fullest and cherish every moment.
user6620@example.com,https://randomuser.me/api/portraits/women/22.jpg,France,Sydney,Hinduism,Single,Writer,Bachelor's Degree,No,No,No,"Family-oriented and career-driven, I am looking for someone with similar values."
user8885@example.com,https://randomuser.me/api/portraits/men/42.jpg,Spain,Berlin,None,Married,Entrepreneur,High School Diploma,No,Yes,No,"Family-oriented and career-driven, I am looking for someone with similar values."
user3234@example.com,https://randomuser.me/api/portraits/men/4.jpg,Spain,Toronto,Buddhism,Single,Artist,Associate Degree,No,No,Yes,"Hardworking and dedicated, I strive to balance personal and professional life."
user1448@example.com,https://randomuser.me/api/portraits/men/21.jpg,United States,Sydney,Buddhism,Widowed,Doctor,Bachelor's Degree,No,No,Yes,"I enjoy traveling, reading, and spending quality time with loved ones."
user6338@example.com,https://randomuser.me/api/portraits/women/33.jpg,France,Barcelona,Other,Divorced,Teacher,Associate Degree,Yes,No,No,"Hardworking and dedicated, I strive to balance personal and professional life."
user6388@example.com,https://randomuser.me/api/portraits/men/18.jpg,United Kingdom,London,Hinduism,Single,Consultant,High School Diploma,Yes,Yes,No,"Hardworking and dedicated, I strive to balance personal and professional life."
user6074@example.com,https://randomuser.me/api/portraits/women/14.jpg,Australia,Mumbai,Hinduism,Divorced,Scientist,Bachelor's Degree,Yes,Yes,No,"Hardworking and dedicated, I strive to balance personal and professional life."
user1562@example.com,https://randomuser.me/api/portraits/men/43.jpg,Italy,Toronto,Judaism,Widowed,Engineer,Ph.D.,Yes,Yes,Yes,"Hardworking and dedicated, I strive to balance personal and professional life."
user8360@example.com,https://randomuser.me/api/portraits/women/3.jpg,India,Berlin,Other,Married,Writer,Ph.D.,No,Yes,Yes,I am a passionate individual who loves exploring new opportunities.
user2007@example.com,https://randomuser.me/api/portraits/men/43.jpg,Italy,Mumbai,None,Married,Entrepreneur,Master's Degree,Yes,No,Yes,"Family-oriented and career-driven, I am looking for someone with similar values."
user2854@example.com,https://randomuser.me/api/portraits/women/43.jpg,Brazil,São Paulo,Judaism,Divorced,Teacher,Master's Degree,Yes,Yes,Yes,"Hardworking and dedicated, I strive to balance personal and professional life."
user7427@example.com,https://randomuser.me/api/portraits/men/26.jpg,Australia,Toronto,Buddhism,Divorced,Artist,Associate Degree,No,No,Yes,"Hardworking and dedicated, I strive to balance personal and professional life."
user7238@example.com,https://randomuser.me/api/portraits/men/44.jpg,Australia,Sydney,Christianity,Married,Writer,Associate Degree,Yes,No,No,"I enjoy traveling, reading, and spending quality time with loved ones."
user6438@example.com,https://randomuser.me/api/portraits/men/29.jpg,France,Rome,Judaism,Widowed,Consultant,High School Diploma,Yes,Yes,Yes,"I enjoy traveling, reading, and spending quality time with loved ones."
user3810@example.com,https://randomuser.me/api/portraits/men/4.jpg,Canada,Berlin,None,Single,Scientist,Bachelor's Degree,No,No,Yes,I am a passionate individual who loves exploring new opportunities.
user2635@example.com,https://randomuser.me/api/portraits/men/25.jpg,Italy,Paris,Buddhism,Married,Designer,High School Diploma,No,No,Yes,I am a passionate individual who loves exploring new opportunities.
user9047@example.com,https://randomuser.me/api/portraits/women/43.jpg,United Kingdom,New York,Islam,Married,Scientist,Associate Degree,Yes,Yes,No,I am a passionate individual who loves exploring new opportunities.
user7200@example.com,https://randomuser.me/api/portraits/men/4.jpg,Germany,Berlin,Islam,Single,Manager,Bachelor's Degree,Yes,No,Yes,"Hardworking and dedicated, I strive to balance personal and professional life."
user3619@example.com,https://randomuser.me/api/portraits/women/24.jpg,Italy,Berlin,None,Single,Manager,High School Diploma,No,No,Yes,"Hardworking and dedicated, I strive to balance personal and professional life."
user6058@example.com,https://randomuser.me/api/portraits/men/19.jpg,Canada,London,Hinduism,Single,Scientist,Master's Degree,Yes,No,No,I believe in living life to the fullest and cherish every moment.
user8063@example.com,https://randomuser.me/api/portraits/men/36.jpg,India,Rome,Islam,Married,Manager,Bachelor's Degree,No,No,Yes,I am a passionate individual who loves exploring new opportunities.
user6236@example.com,https://randomuser.me/api/portraits/women/15.jpg,Brazil,Barcelona,Islam,Married,Engineer,Associate Degree,Yes,Yes,No,I believe in living life to the fullest and cherish every moment.
user8865@example.com,https://randomuser.me/api/portraits/women/20.jpg,Spain,London,Islam,Divorced,Entrepreneur,Master's Degree,Yes,Yes,No,"Family-oriented and career-driven, I am looking for someone with similar values."
user1419@example.com,https://randomuser.me/api/portraits/men/6.jpg,United States,Mumbai,Judaism,Married,Artist,High School Diploma,No,Yes,Yes,I believe in living life to the fullest and cherish every moment.
user1326@example.com,https://randomuser.me/api/portraits/women/42.jpg,Spain,Paris,Christianity,Divorced,Designer,Ph.D.,Yes,Yes,Yes,I am a passionate individual who loves exploring new opportunities.
user8271@example.com,https://randomuser.me/api/portraits/women/27.jpg,Italy,Berlin,Buddhism,Single,Designer,Ph.D.,Yes,Yes,No,I am a passionate individual who loves exploring new opportunities.
user3616@example.com,https://randomuser.me/api/portraits/men/32.jpg,Brazil,London,Christianity,Divorced,Teacher,Associate Degree,No,No,No,"I enjoy traveling, reading, and spending quality time with loved ones."
user3678@example.com,https://randomuser.me/api/portraits/men/10.jpg,Spain,Mumbai,None,Single,Scientist,Associate Degree,Yes,No,No,I believe in living life to the fullest and cherish every moment.
user9371@example.com,https://randomuser.me/api/portraits/men/3.jpg,France,São Paulo,Buddhism,Single,Consultant,Master's Degree,No,Yes,No,I am a passionate individual who loves exploring new opportunities.
user2302@example.com,https://randomuser.me/api/portraits/women/13.jpg,Italy,London,Christianity,Married,Scientist,Master's Degree,Yes,No,No,"Family-oriented and career-driven, I am looking for someone with similar values."
user8665@example.com,https://randomuser.me/api/portraits/women/33.jpg,Australia,Mumbai,None,Married,Manager,Ph.D.,No,Yes,No,"Hardworking and dedicated, I strive to balance personal and professional life."
user5007@example.com,https://randomuser.me/api/portraits/women/20.jpg,France,Paris,Christianity,Married,Designer,Master's Degree,No,Yes,No,I believe in living life to the fullest and cherish every moment.
user1518@example.com,https://randomuser.me/api/portraits/women/13.jpg,Canada,New York,Judaism,Widowed,Teacher,Master's Degree,No,No,No,I believe in living life to the fullest and cherish every moment.
user2557@example.com,https://randomuser.me/api/portraits/women/27.jpg,India,Paris,Judaism,Married,Artist,Associate Degree,Yes,Yes,No,I believe in living life to the fullest and cherish every moment.
