"full_name","email","password","gender","occupation","education","religion","country","city","smoking","drinking","marital_status","children","description","profile_image"
"Charles Taylor","user1270@example.com","password2094","Male","Teacher","Ph.D.","Islam","United Kingdom","Barcelona","Yes","Yes","Single","Yes","I believe in living life to the fullest and cherish every moment.","https://randomuser.me/api/portraits/women/31.jpg"
"Robert Brown","user7182@example.com","password7211","Male","Manager","Master's Degree","Islam","United Kingdom","Sydney","Yes","No","Divorced","Yes","I believe in living life to the fullest and cherish every moment.","https://randomuser.me/api/portraits/women/49.jpg"
"Charles Taylor","user3230@example.com","password1033","Male","Artist","Master's Degree","Buddhism","France","Sydney","No","No","Married","Yes","I believe in living life to the fullest and cherish every moment.","https://randomuser.me/api/portraits/men/12.jpg"
"John Doe","user6850@example.com","password9910","Male","Engineer","Associate Degree","Christianity","Canada","New York","Yes","Yes","Single","Yes","Hardworking and dedicated, I strive to balance personal and professional life.","https://randomuser.me/api/portraits/men/49.jpg"
"Joseph Wilson","user1143@example.com","password8080","Male","Consultant","Associate Degree","None","India","Mumbai","No","Yes","Divorced","Yes","Hardworking and dedicated, I strive to balance personal and professional life.","https://randomuser.me/api/portraits/women/34.jpg"
"Joseph Wilson","user8996@example.com","password2751","Male","Engineer","High School Diploma","None","Germany","Paris","No","Yes","Married","No","I believe in living life to the fullest and cherish every moment.","https://randomuser.me/api/portraits/men/3.jpg"
"Richard Davis","user8014@example.com","password1515","Male","Doctor","High School Diploma","Christianity","India","Toronto","Yes","No","Widowed","No","Hardworking and dedicated, I strive to balance personal and professional life.","https://randomuser.me/api/portraits/women/43.jpg"
"James Smith","user7797@example.com","password1577","Male","Manager","High School Diploma","None","Brazil","Mumbai","Yes","No","Married","Yes","I enjoy traveling, reading, and spending quality time with loved ones.","https://randomuser.me/api/portraits/men/39.jpg"
"William Garcia","user4949@example.com","password5040","Male","Writer","Ph.D.","Christianity","Canada","Paris","No","No","Single","No","I am a passionate individual who loves exploring new opportunities.","https://randomuser.me/api/portraits/men/38.jpg"
"Richard Davis","user4367@example.com","password8477","Male","Doctor","Bachelor's Degree","Christianity","India","London","No","No","Widowed","No","I am a passionate individual who loves exploring new opportunities.","https://randomuser.me/api/portraits/men/28.jpg"
"Joseph Wilson","user9731@example.com","password4900","Male","Manager","Bachelor's Degree","None","France","Barcelona","Yes","No","Widowed","Yes","I enjoy traveling, reading, and spending quality time with loved ones.","https://randomuser.me/api/portraits/men/10.jpg"
"Joseph Wilson","user5589@example.com","password6674","Male","Doctor","Master's Degree","Christianity","Germany","Paris","Yes","Yes","Divorced","Yes","I am a passionate individual who loves exploring new opportunities.","https://randomuser.me/api/portraits/women/7.jpg"
"John Doe","user2249@example.com","password2615","Male","Consultant","Bachelor's Degree","Judaism","Germany","São Paulo","Yes","No","Married","Yes","I am a passionate individual who loves exploring new opportunities.","https://randomuser.me/api/portraits/men/45.jpg"
"John Doe","user5709@example.com","password5152","Male","Consultant","Master's Degree","Hinduism","Australia","Toronto","No","Yes","Married","Yes","I enjoy traveling, reading, and spending quality time with loved ones.","https://randomuser.me/api/portraits/women/18.jpg"
"Joseph Wilson","user3833@example.com","password2514","Male","Manager","Master's Degree","Buddhism","United Kingdom","Paris","Yes","Yes","Widowed","No","Hardworking and dedicated, I strive to balance personal and professional life.","https://randomuser.me/api/portraits/men/20.jpg"
"John Doe","user5929@example.com","password5609","Male","Artist","High School Diploma","Christianity","United States","London","No","No","Married","No","I am a passionate individual who loves exploring new opportunities.","https://randomuser.me/api/portraits/women/2.jpg"
"David Miller","user7559@example.com","password2514","Male","Writer","Master's Degree","Buddhism","United Kingdom","Toronto","No","No","Single","Yes","Hardworking and dedicated, I strive to balance personal and professional life.","https://randomuser.me/api/portraits/women/8.jpg"
"Richard Davis","user8342@example.com","password5877","Male","Manager","High School Diploma","Christianity","Australia","Paris","No","Yes","Widowed","No","Family-oriented and career-driven, I am looking for someone with similar values.","https://randomuser.me/api/portraits/men/39.jpg"
"John Doe","user1032@example.com","password6166","Male","Teacher","Ph.D.","Buddhism","Spain","Rome","No","Yes","Widowed","No","Family-oriented and career-driven, I am looking for someone with similar values.","https://randomuser.me/api/portraits/women/31.jpg"
"Robert Brown","user5955@example.com","password8706","Male","Doctor","Bachelor's Degree","Judaism","Canada","Barcelona","Yes","No","Widowed","Yes","Hardworking and dedicated, I strive to balance personal and professional life.","https://randomuser.me/api/portraits/men/48.jpg"
"John Doe","user2128@example.com","password9078","Male","Designer","High School Diploma","Hinduism","Brazil","Sydney","No","Yes","Widowed","No","I believe in living life to the fullest and cherish every moment.","https://randomuser.me/api/portraits/men/8.jpg"
"James Smith","user1105@example.com","password7756","Male","Teacher","Ph.D.","None","United States","Toronto","Yes","Yes","Divorced","No","I enjoy traveling, reading, and spending quality time with loved ones.","https://randomuser.me/api/portraits/men/18.jpg"
"Richard Davis","user1944@example.com","password7050","Male","Engineer","Associate Degree","Judaism","Canada","São Paulo","No","No","Divorced","No","Hardworking and dedicated, I strive to balance personal and professional life.","https://randomuser.me/api/portraits/men/33.jpg"
"James Smith","user1609@example.com","password7190","Male","Scientist","Master's Degree","Christianity","Italy","Mumbai","Yes","No","Widowed","No","I am a passionate individual who loves exploring new opportunities.","https://randomuser.me/api/portraits/men/1.jpg"
"William Garcia","user2944@example.com","password6245","Male","Artist","Ph.D.","Other","Germany","Berlin","No","Yes","Married","Yes","Hardworking and dedicated, I strive to balance personal and professional life.","https://randomuser.me/api/portraits/women/36.jpg"
"Thomas Moore","user5771@example.com","password9581","Male","Consultant","Master's Degree","Christianity","United States","London","Yes","No","Widowed","No","I believe in living life to the fullest and cherish every moment.","https://randomuser.me/api/portraits/men/3.jpg"
"John Doe","user2371@example.com","password9189","Male","Manager","Bachelor's Degree","None","India","New York","Yes","Yes","Single","No","Family-oriented and career-driven, I am looking for someone with similar values.","https://randomuser.me/api/portraits/women/21.jpg"
"James Smith","user8900@example.com","password1410","Male","Engineer","Master's Degree","Judaism","India","Mumbai","No","Yes","Married","Yes","Family-oriented and career-driven, I am looking for someone with similar values.","https://randomuser.me/api/portraits/women/46.jpg"
"Joseph Wilson","user9912@example.com","password6143","Male","Teacher","Ph.D.","Buddhism","Spain","Mumbai","Yes","Yes","Single","Yes","Family-oriented and career-driven, I am looking for someone with similar values.","https://randomuser.me/api/portraits/men/32.jpg"
"Michael Johnson","user3102@example.com","password4804","Male","Teacher","Bachelor's Degree","Judaism","United States","São Paulo","Yes","No","Divorced","No","I enjoy traveling, reading, and spending quality time with loved ones.","https://randomuser.me/api/portraits/men/28.jpg"
"John Doe","user9893@example.com","password9452","Male","Consultant","Master's Degree","Buddhism","Germany","Berlin","No","No","Widowed","Yes","I believe in living life to the fullest and cherish every moment.","https://randomuser.me/api/portraits/men/22.jpg"
"Robert Brown","user8256@example.com","password8833","Male","Designer","High School Diploma","Buddhism","Australia","Mumbai","Yes","No","Widowed","No","I enjoy traveling, reading, and spending quality time with loved ones.","https://randomuser.me/api/portraits/women/12.jpg"
"John Doe","user2402@example.com","password1913","Male","Designer","Bachelor's Degree","Hinduism","United Kingdom","Paris","No","No","Widowed","Yes","Family-oriented and career-driven, I am looking for someone with similar values.","https://randomuser.me/api/portraits/men/33.jpg"
"Thomas Moore","user9835@example.com","password8701","Male","Designer","Associate Degree","Islam","United Kingdom","Barcelona","No","Yes","Single","No","I believe in living life to the fullest and cherish every moment.","https://randomuser.me/api/portraits/women/19.jpg"
"Robert Brown","user2167@example.com","password8345","Male","Doctor","Ph.D.","Islam","Germany","Mumbai","No","Yes","Divorced","No","I enjoy traveling, reading, and spending quality time with loved ones.","https://randomuser.me/api/portraits/women/15.jpg"
"Thomas Moore","user5539@example.com","password9677","Male","Designer","Ph.D.","Judaism","Canada","Sydney","Yes","No","Married","Yes","I am a passionate individual who loves exploring new opportunities.","https://randomuser.me/api/portraits/men/39.jpg"
"John Doe","user9329@example.com","password6626","Male","Scientist","Ph.D.","Islam","France","Mumbai","Yes","No","Widowed","No","Family-oriented and career-driven, I am looking for someone with similar values.","https://randomuser.me/api/portraits/women/15.jpg"
"Robert Brown","user3543@example.com","password6914","Male","Artist","Master's Degree","Christianity","Germany","Sydney","Yes","Yes","Widowed","No","Family-oriented and career-driven, I am looking for someone with similar values.","https://randomuser.me/api/portraits/women/39.jpg"
"Thomas Moore","user2834@example.com","password4659","Male","Artist","Associate Degree","Islam","Italy","Berlin","No","No","Married","Yes","Family-oriented and career-driven, I am looking for someone with similar values.","https://randomuser.me/api/portraits/men/50.jpg"
"Thomas Moore","user2732@example.com","password2130","Male","Consultant","Master's Degree","Christianity","Canada","Sydney","No","No","Married","No","I am a passionate individual who loves exploring new opportunities.","https://randomuser.me/api/portraits/women/50.jpg"
"David Miller","user8622@example.com","password7971","Male","Entrepreneur","Ph.D.","Buddhism","Germany","Mumbai","No","Yes","Divorced","No","Hardworking and dedicated, I strive to balance personal and professional life.","https://randomuser.me/api/portraits/women/40.jpg"
"David Miller","user4787@example.com","password8323","Male","Manager","Associate Degree","Hinduism","United States","London","Yes","No","Single","No","I enjoy traveling, reading, and spending quality time with loved ones.","https://randomuser.me/api/portraits/men/30.jpg"
"Charles Taylor","user3127@example.com","password7299","Male","Entrepreneur","High School Diploma","Other","Italy","Berlin","Yes","Yes","Married","Yes","Hardworking and dedicated, I strive to balance personal and professional life.","https://randomuser.me/api/portraits/men/4.jpg"
"Michael Johnson","user2591@example.com","password4986","Male","Teacher","Associate Degree","Judaism","Spain","New York","Yes","No","Divorced","Yes","I am a passionate individual who loves exploring new opportunities.","https://randomuser.me/api/portraits/women/32.jpg"
"Charles Taylor","user3967@example.com","password6293","Male","Consultant","High School Diploma","Christianity","Spain","Mumbai","Yes","Yes","Married","Yes","Family-oriented and career-driven, I am looking for someone with similar values.","https://randomuser.me/api/portraits/women/11.jpg"
"David Miller","user8799@example.com","password2688","Male","Manager","Bachelor's Degree","Hinduism","United Kingdom","Barcelona","Yes","Yes","Divorced","Yes","I enjoy traveling, reading, and spending quality time with loved ones.","https://randomuser.me/api/portraits/women/35.jpg"
"Robert Brown","user8434@example.com","password3864","Male","Designer","High School Diploma","Christianity","India","New York","No","No","Married","No","I am a passionate individual who loves exploring new opportunities.","https://randomuser.me/api/portraits/women/5.jpg"
"Michael Johnson","user9838@example.com","password1664","Male","Designer","Ph.D.","Judaism","Australia","Rome","No","No","Widowed","Yes","I believe in living life to the fullest and cherish every moment.","https://randomuser.me/api/portraits/women/27.jpg"
"James Smith","user6112@example.com","password9576","Male","Entrepreneur","High School Diploma","None","India","Barcelona","No","No","Married","Yes","Hardworking and dedicated, I strive to balance personal and professional life.","https://randomuser.me/api/portraits/women/50.jpg"
"John Doe","user3815@example.com","password3961","Male","Designer","Ph.D.","Christianity","United Kingdom","Paris","Yes","Yes","Single","Yes","I enjoy traveling, reading, and spending quality time with loved ones.","https://randomuser.me/api/portraits/women/10.jpg"
"Jessica Clark","user7813@example.com","password8361","Female","Artist","Bachelor's Degree","Islam","Spain","Sydney","Yes","No","Single","Yes","I am a passionate individual who loves exploring new opportunities.","https://randomuser.me/api/portraits/men/32.jpg"
"Susan Harris","user1567@example.com","password7676","Female","Artist","Ph.D.","Hinduism","Brazil","Toronto","No","Yes","Single","Yes","I am a passionate individual who loves exploring new opportunities.","https://randomuser.me/api/portraits/women/48.jpg"
"Susan Harris","user6284@example.com","password2009","Female","Engineer","Bachelor's Degree","Hinduism","Spain","Toronto","Yes","No","Married","Yes","I enjoy traveling, reading, and spending quality time with loved ones.","https://randomuser.me/api/portraits/men/5.jpg"
"Susan Harris","user7227@example.com","password7608","Female","Designer","Associate Degree","Islam","Germany","Barcelona","Yes","Yes","Divorced","No","I believe in living life to the fullest and cherish every moment.","https://randomuser.me/api/portraits/men/21.jpg"
"Mary Johnson","user9179@example.com","password8062","Female","Engineer","Ph.D.","Christianity","United States","Rome","Yes","No","Widowed","Yes","I enjoy traveling, reading, and spending quality time with loved ones.","https://randomuser.me/api/portraits/women/42.jpg"
"Mary Johnson","user9994@example.com","password3404","Female","Writer","High School Diploma","None","Germany","London","Yes","Yes","Widowed","No","I enjoy traveling, reading, and spending quality time with loved ones.","https://randomuser.me/api/portraits/men/36.jpg"
"Mary Johnson","user8368@example.com","password3231","Female","Entrepreneur","Master's Degree","Other","Italy","Paris","Yes","No","Widowed","No","I believe in living life to the fullest and cherish every moment.","https://randomuser.me/api/portraits/men/49.jpg"
"Jessica Clark","user5357@example.com","password5378","Female","Doctor","Bachelor's Degree","None","Germany","New York","Yes","No","Single","Yes","Hardworking and dedicated, I strive to balance personal and professional life.","https://randomuser.me/api/portraits/women/39.jpg"
"Patricia Brown","user3529@example.com","password3350","Female","Manager","Associate Degree","Christianity","United States","New York","Yes","Yes","Divorced","No","I am a passionate individual who loves exploring new opportunities.","https://randomuser.me/api/portraits/women/42.jpg"
"Patricia Brown","user4074@example.com","password5576","Female","Entrepreneur","Ph.D.","Hinduism","France","Rome","Yes","Yes","Single","No","Hardworking and dedicated, I strive to balance personal and professional life.","https://randomuser.me/api/portraits/women/22.jpg"
"Barbara Martinez","user4156@example.com","password8365","Female","Scientist","Ph.D.","Christianity","United Kingdom","Paris","Yes","No","Divorced","Yes","I believe in living life to the fullest and cherish every moment.","https://randomuser.me/api/portraits/men/3.jpg"
"Jessica Clark","user5150@example.com","password9599","Female","Scientist","High School Diploma","Judaism","Canada","Berlin","Yes","Yes","Single","Yes","Hardworking and dedicated, I strive to balance personal and professional life.","https://randomuser.me/api/portraits/women/2.jpg"
"Elizabeth Rodriguez","user6717@example.com","password5729","Female","Writer","Associate Degree","Buddhism","United Kingdom","Paris","Yes","Yes","Widowed","No","I believe in living life to the fullest and cherish every moment.","https://randomuser.me/api/portraits/women/29.jpg"
"Maria Gonzalez","user3011@example.com","password4402","Female","Consultant","High School Diploma","None","India","Berlin","No","Yes","Married","No","Hardworking and dedicated, I strive to balance personal and professional life.","https://randomuser.me/api/portraits/men/20.jpg"
"Elizabeth Rodriguez","user7803@example.com","password9794","Female","Teacher","Associate Degree","Islam","France","Barcelona","No","No","Widowed","Yes","I am a passionate individual who loves exploring new opportunities.","https://randomuser.me/api/portraits/women/37.jpg"
"Linda Garcia","user1725@example.com","password3867","Female","Teacher","Master's Degree","Christianity","United States","São Paulo","Yes","No","Single","No","I believe in living life to the fullest and cherish every moment.","https://randomuser.me/api/portraits/men/50.jpg"
"Sarah Lewis","user6620@example.com","password5723","Female","Writer","Bachelor's Degree","Hinduism","France","Sydney","No","No","Single","No","Family-oriented and career-driven, I am looking for someone with similar values.","https://randomuser.me/api/portraits/women/22.jpg"
"Mary Johnson","user8885@example.com","password4517","Female","Entrepreneur","High School Diploma","None","Spain","Berlin","Yes","No","Married","No","Family-oriented and career-driven, I am looking for someone with similar values.","https://randomuser.me/api/portraits/men/42.jpg"
"Barbara Martinez","user3234@example.com","password2980","Female","Artist","Associate Degree","Buddhism","Spain","Toronto","No","Yes","Single","No","Hardworking and dedicated, I strive to balance personal and professional life.","https://randomuser.me/api/portraits/men/4.jpg"
"Sarah Lewis","user1448@example.com","password6944","Female","Doctor","Bachelor's Degree","Buddhism","United States","Sydney","No","Yes","Widowed","No","I enjoy traveling, reading, and spending quality time with loved ones.","https://randomuser.me/api/portraits/men/21.jpg"
"Patricia Brown","user6338@example.com","password6902","Female","Teacher","Associate Degree","Other","France","Barcelona","No","No","Divorced","Yes","Hardworking and dedicated, I strive to balance personal and professional life.","https://randomuser.me/api/portraits/women/33.jpg"
"Barbara Martinez","user6388@example.com","password5954","Female","Consultant","High School Diploma","Hinduism","United Kingdom","London","Yes","No","Single","Yes","Hardworking and dedicated, I strive to balance personal and professional life.","https://randomuser.me/api/portraits/men/18.jpg"
"Patricia Brown","user6074@example.com","password5670","Female","Scientist","Bachelor's Degree","Hinduism","Australia","Mumbai","Yes","No","Divorced","Yes","Hardworking and dedicated, I strive to balance personal and professional life.","https://randomuser.me/api/portraits/women/14.jpg"
"Maria Gonzalez","user1562@example.com","password1536","Female","Engineer","Ph.D.","Judaism","Italy","Toronto","Yes","Yes","Widowed","Yes","Hardworking and dedicated, I strive to balance personal and professional life.","https://randomuser.me/api/portraits/men/43.jpg"
"Elizabeth Rodriguez","user8360@example.com","password6898","Female","Writer","Ph.D.","Other","India","Berlin","Yes","Yes","Married","No","I am a passionate individual who loves exploring new opportunities.","https://randomuser.me/api/portraits/women/3.jpg"
"Elizabeth Rodriguez","user2007@example.com","password8622","Female","Entrepreneur","Master's Degree","None","Italy","Mumbai","No","Yes","Married","Yes","Family-oriented and career-driven, I am looking for someone with similar values.","https://randomuser.me/api/portraits/men/43.jpg"
"Jennifer Lopez","user2854@example.com","password2981","Female","Teacher","Master's Degree","Judaism","Brazil","São Paulo","Yes","Yes","Divorced","Yes","Hardworking and dedicated, I strive to balance personal and professional life.","https://randomuser.me/api/portraits/women/43.jpg"
"Barbara Martinez","user7427@example.com","password7907","Female","Artist","Associate Degree","Buddhism","Australia","Toronto","No","Yes","Divorced","No","Hardworking and dedicated, I strive to balance personal and professional life.","https://randomuser.me/api/portraits/men/26.jpg"
"Patricia Brown","user7238@example.com","password9034","Female","Writer","Associate Degree","Christianity","Australia","Sydney","No","No","Married","Yes","I enjoy traveling, reading, and spending quality time with loved ones.","https://randomuser.me/api/portraits/men/44.jpg"
"Jessica Clark","user6438@example.com","password2052","Female","Consultant","High School Diploma","Judaism","France","Rome","Yes","Yes","Widowed","Yes","I enjoy traveling, reading, and spending quality time with loved ones.","https://randomuser.me/api/portraits/men/29.jpg"
"Jennifer Lopez","user3810@example.com","password3129","Female","Scientist","Bachelor's Degree","None","Canada","Berlin","No","Yes","Single","No","I am a passionate individual who loves exploring new opportunities.","https://randomuser.me/api/portraits/men/4.jpg"
"Maria Gonzalez","user2635@example.com","password3183","Female","Designer","High School Diploma","Buddhism","Italy","Paris","No","Yes","Married","No","I am a passionate individual who loves exploring new opportunities.","https://randomuser.me/api/portraits/men/25.jpg"
"Linda Garcia","user9047@example.com","password4853","Female","Scientist","Associate Degree","Islam","United Kingdom","New York","Yes","No","Married","Yes","I am a passionate individual who loves exploring new opportunities.","https://randomuser.me/api/portraits/women/43.jpg"
"Barbara Martinez","user7200@example.com","password7164","Female","Manager","Bachelor's Degree","Islam","Germany","Berlin","No","Yes","Single","Yes","Hardworking and dedicated, I strive to balance personal and professional life.","https://randomuser.me/api/portraits/men/4.jpg"
"Elizabeth Rodriguez","user3619@example.com","password7148","Female","Manager","High School Diploma","None","Italy","Berlin","No","Yes","Single","No","Hardworking and dedicated, I strive to balance personal and professional life.","https://randomuser.me/api/portraits/women/24.jpg"
"Linda Garcia","user6058@example.com","password5657","Female","Scientist","Master's Degree","Hinduism","Canada","London","No","No","Single","Yes","I believe in living life to the fullest and cherish every moment.","https://randomuser.me/api/portraits/men/19.jpg"
"Jessica Clark","user8063@example.com","password6544","Female","Manager","Bachelor's Degree","Islam","India","Rome","No","Yes","Married","No","I am a passionate individual who loves exploring new opportunities.","https://randomuser.me/api/portraits/men/36.jpg"
"Susan Harris","user6236@example.com","password7612","Female","Engineer","Associate Degree","Islam","Brazil","Barcelona","Yes","No","Married","Yes","I believe in living life to the fullest and cherish every moment.","https://randomuser.me/api/portraits/women/15.jpg"
"Elizabeth Rodriguez","user8865@example.com","password6145","Female","Entrepreneur","Master's Degree","Islam","Spain","London","Yes","No","Divorced","Yes","Family-oriented and career-driven, I am looking for someone with similar values.","https://randomuser.me/api/portraits/women/20.jpg"
"Barbara Martinez","user1419@example.com","password1834","Female","Artist","High School Diploma","Judaism","United States","Mumbai","Yes","Yes","Married","No","I believe in living life to the fullest and cherish every moment.","https://randomuser.me/api/portraits/men/6.jpg"
"Jennifer Lopez","user1326@example.com","password6172","Female","Designer","Ph.D.","Christianity","Spain","Paris","Yes","Yes","Divorced","Yes","I am a passionate individual who loves exploring new opportunities.","https://randomuser.me/api/portraits/women/42.jpg"
"Barbara Martinez","user8271@example.com","password4084","Female","Designer","Ph.D.","Buddhism","Italy","Berlin","Yes","No","Single","Yes","I am a passionate individual who loves exploring new opportunities.","https://randomuser.me/api/portraits/women/27.jpg"
"Sarah Lewis","user3616@example.com","password6655","Female","Teacher","Associate Degree","Christianity","Brazil","London","No","No","Divorced","No","I enjoy traveling, reading, and spending quality time with loved ones.","https://randomuser.me/api/portraits/men/32.jpg"
"Susan Harris","user3678@example.com","password2622","Female","Scientist","Associate Degree","None","Spain","Mumbai","No","No","Single","Yes","I believe in living life to the fullest and cherish every moment.","https://randomuser.me/api/portraits/men/10.jpg"
"Maria Gonzalez","user9371@example.com","password7687","Female","Consultant","Master's Degree","Buddhism","France","São Paulo","Yes","No","Single","No","I am a passionate individual who loves exploring new opportunities.","https://randomuser.me/api/portraits/men/3.jpg"
"Elizabeth Rodriguez","user2302@example.com","password7331","Female","Scientist","Master's Degree","Christianity","Italy","London","No","No","Married","Yes","Family-oriented and career-driven, I am looking for someone with similar values.","https://randomuser.me/api/portraits/women/13.jpg"
"Patricia Brown","user8665@example.com","password6520","Female","Manager","Ph.D.","None","Australia","Mumbai","Yes","No","Married","No","Hardworking and dedicated, I strive to balance personal and professional life.","https://randomuser.me/api/portraits/women/33.jpg"
"Patricia Brown","user5007@example.com","password5743","Female","Designer","Master's Degree","Christianity","France","Paris","Yes","No","Married","No","I believe in living life to the fullest and cherish every moment.","https://randomuser.me/api/portraits/women/20.jpg"
"Elizabeth Rodriguez","user1518@example.com","password9083","Female","Teacher","Master's Degree","Judaism","Canada","New York","No","No","Widowed","No","I believe in living life to the fullest and cherish every moment.","https://randomuser.me/api/portraits/women/13.jpg"
"Susan Harris","user2557@example.com","password7155","Female","Artist","Associate Degree","Judaism","India","Paris","Yes","No","Married","Yes","I believe in living life to the fullest and cherish every moment.","https://randomuser.me/api/portraits/women/27.jpg"
